startNode,endNode
zDEPT00101,zHALL01301
zHALL01301,zDEPT00101
zHALL01301,zHALL00901
zHALL00901,zHALL01301
zHALL01301,zHALL01001
zHALL01001,zHALL01301
zHALL01001,zSTAI00201
zSTAI00201,zHALL01001
zHALL00901,zHALL00801
zHALL00801,zHALL00901
zHALL00801,zHALL00701
zHALL00701,zHALL00801
zHALL00701,zHALL01701
zHALL01701,zHALL00701
zHALL00701,zELEV00L01
zELEV00L01,zHALL00701
zHALL01701,zHALL01801
zHALL01801,zHALL01701
zHALL01801,zDEPT00301
zDEPT00301,zHALL01801
zHALL01801,zSERV00401
zSERV00401,zHALL01801
zHALL01701,zHALL03201
zHALL03201,zHALL01701
zHALL03201,zDEPT00601
zDEPT00601,zHALL03201
zHALL03201,zHALL01601
zHALL01601,zHALL03201
zHALL01601,zHALL01501
zHALL01501,zHALL01601
zHALL01501,zHALL01401
zHALL01401,zHALL01501
zHALL01401,zSERV00201
zSERV00201,zHALL01401
zHALL01401,zHALL01101
zHALL01101,zHALL01401
zHALL01101,zHALL00901
zHALL00901,zHALL01101
zHALL01101,zSTOR00101
zSTOR00101,zHALL01101
zHALL01601,zHALL01901
zHALL01901,zHALL01601
zHALL01901,zHALL02001
zHALL02001,zHALL01901
zHALL02001,zSERV00301
zSERV00301,zHALL02001
zHALL02001,zDEPT00201
zDEPT00201,zHALL02001
zHALL01901,zHALL02101
zHALL02101,zHALL01901
zHALL02101,zDEPT00401
zDEPT00401,zHALL02101
zHALL02101,zHALL02201
zHALL02201,zHALL02101
zHALL02201,zELEV00M01
zELEV00M01,zHALL02201
zHALL02201,zHALL02801
zHALL02801,zHALL02201
zHALL02801,zHALL02901
zHALL02901,zHALL02801
zHALL02901,zINFO00101
zINFO00101,zHALL02901
zHALL02901,zSERV00501
zSERV00501,zHALL02901
zHALL02901,zHALL03001
zHALL03001,zHALL02901
zHALL03001,zRETL00201
zRETL00201,zHALL03001
zELEV00M01,zHALL02301
zHALL02301,zELEV00M01
zHALL02301,zLABS00101
zLABS00101,zHALL02301
zHALL02301,zHALL02401
zHALL02401,zHALL02301
zHALL02401,zHALL02501
zHALL02501,zHALL02401
zHALL02501,zSTAI00301
zSTAI00301,zHALL02501
zHALL02501,zHALL02601
zHALL02601,zHALL02501
zHALL02601,zHALL02701
zHALL02701,zHALL02601
zHALL02701,zHALL03301
zHALL03301,zHALL02701
zHALL03301,zDEPT00501
zDEPT00501,zHALL03301
zHALL03301,zEXIT00301
zEXIT00301,zHALL03301
zHALL02801,zEXIT00201
zEXIT00201,zHALL02801
zHALL02601,zHALL03101
zHALL03101,zHALL02601
zHALL03101,zREST00101
zREST00101,zHALL03101
zHALL03101,zHALL00301
zHALL00301,zHALL03101
zHALL00301,zHALL00201
zHALL00201,zHALL00301
zHALL00301,zHALL00401
zHALL00401,zHALL00301
zHALL00301,zSTAI00101
zSTAI00101,zHALL00301
zHALL00301,zEXIT00101
zEXIT00101,zHALL00301
zHALL00201,zHALL00101
zHALL00101,zHALL00201
zHALL00401,zHALL00501
zHALL00501,zHALL00401
zHALL00401,zRETL00101
zRETL00101,zHALL00401
zHALL00501,zSERV00101
zSERV00101,zHALL00501
zHALL00501,zHALL00601
zHALL00601,zHALL00501
zHALL00601,zELEV00L01
zELEV00L01,zHALL00601
zELEV00L01,zELEV00LL1
zELEV00LL1,zELEV00L01
zELEV00LL1,zHALL005L1
zHALL005L1,zELEV00LL1
zHALL005L1,zDEPT003L1
zDEPT003L1,zHALL005L1
zDEPT003L1,zDEPT002L1
zDEPT002L1,zDEPT003L1
zELEV00LL1,zHALL001L1
zHALL001L1,zELEV00LL1
zHALL001L1,zHALL006L1
zHALL006L1,zHALL001L1
zHALL006L1,zSTOR001L1
zSTOR001L1,zHALL006L1
zHALL001L1,zREST001L1
zREST001L1,zHALL001L1
zREST001L1,zLABS002L1
zLABS002L1,zREST001L1
zLABS002L1,zHALL002L1
zHALL002L1,zLABS002L1
zHALL002L1,zELEV00ML1
zELEV00ML1,zHALL002L1
zELEV00ML1,zELEV00M01
zELEV00M01,zELEV00ML1
zELEV00ML1,zLABS001L1
zLABS001L1,zELEV00ML1
zLABS001L1,zREST002L1
zREST002L1,zLABS001L1
zREST002L1,zHALL003L1
zHALL003L1,zREST002L1
zHALL003L1,zHALL004L1
zHALL004L1,zHALL003L1
zELEV00LL2,zELEV00LL1
zELEV00LL1,zELEV00LL2
zELEV00ML1,zELEV00ML2
zELEV00ML2,zELEV00ML1
zELEV00LL2,zHALL004L2
zHALL004L2,zELEV00LL2
zHALL004L2,zHALL005L2
zHALL005L2,zHALL004L2
zHALL005L2,zHALL006L2
zHALL006L2,zHALL005L2
zHALL004L2,zHALL003L2
zHALL003L2,zHALL004L2
zHALL003L2,zHALL002L2
zHALL002L2,zHALL003L2
zHALL002L2,zHALL001L2
zHALL001L2,zHALL002L2
zHALL001L2,zELEV00ML2
zELEV00ML2,zHALL001L2
zELEV00L01,zELEV00L02
zELEV00L02,zELEV00L01
zELEV00L02,zHALL00102
zHALL00102,zELEV00L02
zHALL00102,zHALL00202
zHALL00202,zHALL00102
zHALL00102,zHALL00402
zHALL00402,zHALL00102
zHALL00202,zRETL00102
zRETL00102,zHALL00202
zHALL00202,zHALL00302
zHALL00302,zHALL00202
zHALL00302,zSTAI00102
zSTAI00102,zHALL00302
zHALL00402,zHALL00502
zHALL00502,zHALL00402
zHALL00502,zRETL00302
zRETL00302,zHALL00502
zHALL00502,zHALL00602
zHALL00602,zHALL00502
zHALL00502,zRETL00202
zRETL00202,zHALL00502
zHALL00602,zRETL00302
zRETL00302,zHALL00602
zRETL00202,zBATH00102
zBATH00102,zRETL00202
zHALL00602,zHALL00702
zHALL00702,zHALL00602
zHALL00702,zSTAI00202
zSTAI00202,zHALL00702
zHALL00702,zHALL00802
zHALL00802,zHALL00702
zHALL00802,zSTAI00302
zSTAI00302,zHALL00802
zSTAI00102,zSTAI00101
zSTAI00101,zSTAI00102
zSTAI00302,zSTAI00301
zSTAI00301,zSTAI00302
zHALL00802,zHALL00902
zHALL00902,zHALL00802
zHALL00902,zELEV00M02
zELEV00M02,zHALL00902
zELEV00M02,zELEV00M01
zELEV00M01,zELEV00M02
zELEV00M02,zHALL01002
zHALL01002,zELEV00M02
zHALL00902,zHALL01102
zHALL01102,zHALL00902
zELEV00L02,zELEV00L03
zELEV00L03,zELEV00L02
zELEV00M02,zELEV00M03
zELEV00M03,zELEV00M02
zSTAI00202,zSTAI00103
zSTAI00103,zSTAI00202
zSTAI00103,zHALL00503
zHALL00503,zSTAI00103
zHALL00503,zELEV00M03
zELEV00M03,zHALL00503
zHALL00503,zHALL00403
zHALL00403,zHALL00503
zHALL00403,zHALL00303
zHALL00303,zHALL00403
zHALL00303,zHALL00203
zHALL00203,zHALL00303
zHALL00203,zLABS00103
zLABS00103,zHALL00203
zHALL00303,zHALL00103
zHALL00103,zHALL00303
zELEV00L03,zHALL00603
zHALL00603,zELEV00L03
zHALL00603,zHALL00703
zHALL00703,zHALL00603
zHALL00603,zHALL01503
zHALL01503,zHALL00603
zHALL00703,zDEPT00103
zDEPT00103,zHALL00703
zHALL00703,zHALL00803
zHALL00803,zHALL00703
zHALL00803,zSERV00103
zSERV00103,zHALL00803
zHALL00803,zHALL00903
zHALL00903,zHALL00803
zHALL00903,zHALL01003
zHALL01003,zHALL00903
zHALL00903,zHALL01103
zHALL01103,zHALL00903
zHALL01003,zBATH00103
zBATH00103,zHALL01003
zHALL01103,zSTOR00303
zSTOR00303,zHALL01103
zHALL01103,zDEPT00203
zDEPT00203,zHALL01103
zHALL01103,zHALL01203
zHALL01203,zHALL01103
zHALL01203,zDIRT00103
zDIRT00103,zHALL01203
zDIRT00103,zHALL01303
zHALL01303,zDIRT00103
zHALL01303,zSTOR00403
zSTOR00403,zHALL01303
zSTOR00403,zHALL01403
zHALL01403,zSTOR00403
zHALL01403,zHALL01503
zHALL01503,zHALL01403
zHALL01503,zBATH00203
zBATH00203,zHALL01503
zHALL01203,zSTOR00203
zSTOR00203,zHALL01203
zHALL01203,zPATI01003
zPATI01003,zHALL01203
zHALL01203,zPATI00103
zPATI00103,zHALL01203
zPATI00103,zPATI00203
zPATI00203,zPATI00103
zPATI00203,zPATI00303
zPATI00303,zPATI00203
zPATI00303,zPATI00403
zPATI00403,zPATI00303
zPATI00403,zPATI00503
zPATI00503,zPATI00403
zPATI00503,zPATI00603
zPATI00603,zPATI00503
zPATI00603,zPATI00703
zPATI00703,zPATI00603
zPATI00703,zPATI00803
zPATI00803,zPATI00703
zPATI00803,zPATI00903
zPATI00903,zPATI00803
zPATI00903,zPATI01003
zPATI01003,zPATI00903
zHALL01303,zSTOR00103
zSTOR00103,zHALL01303
zHALL01303,zPATI01103
zPATI01103,zHALL01303
zHALL01303,zPATI02003
zPATI02003,zHALL01303
zPATI01103,zPATI01203
zPATI01203,zPATI01103
zPATI01203,zPATI01303
zPATI01303,zPATI01203
zPATI01303,zPATI01403
zPATI01403,zPATI01303
zPATI01403,zPATI01503
zPATI01503,zPATI01403
zPATI01503,zPATI01603
zPATI01603,zPATI01503
zPATI01603,zPATI01703
zPATI01703,zPATI01603
zPATI01703,zPATI01803
zPATI01803,zPATI01703
zPATI01803,zPATI01903
zPATI01903,zPATI01803
zPATI01903,zPATI02003
zPATI02003,zPATI01903
